"LOCATION","INDICATOR","SUBJECT","MEASURE","FREQUENCY","TIME","Value","Flag Codes"
"AUS","CHILDVACCIN","DTP","PC_CHILD","A","1990",95,
"AUS","CHILDVACCIN","DTP","PC_CHILD","A","1991",93,"E"
"AUS","CHILDVACCIN","DTP","PC_CHILD","A","1992",91,"E"
"AUS","CHILDVACCIN","DTP","PC_CHILD","A","1993",90,"E"
"AUS","CHILDVACCIN","DTP","PC_CHILD","A","1994",88,"E"
"AUS","CHILDVACCIN","DTP","PC_CHILD","A","1995",86,
"AUS","CHILDVACCIN","DTP","PC_CHILD","A","1996",86,
"AUS","CHILDVACCIN","DTP","PC_CHILD","A","1997",77,
"AUS","CHILDVACCIN","DTP","PC_CHILD","A","1998",82,
"AUS","CHILDVACCIN","DTP","PC_CHILD","A","1999",88,
"AUS","CHILDVACCIN","DTP","PC_CHILD","A","2000",90,
"AUS","CHILDVACCIN","DTP","PC_CHILD","A","2001",92,
"AUS","CHILDVACCIN","DTP","PC_CHILD","A","2002",92,
"AUS","CHILDVACCIN","DTP","PC_CHILD","A","2003",93,
"AUS","CHILDVACCIN","DTP","PC_CHILD","A","2004",92,
"AUS","CHILDVACCIN","DTP","PC_CHILD","A","2005",92,
"AUS","CHILDVACCIN","DTP","PC_CHILD","A","2006",92,
"AUS","CHILDVACCIN","DTP","PC_CHILD","A","2007",92,
"AUS","CHILDVACCIN","DTP","PC_CHILD","A","2008",92,"E"
"AUS","CHILDVACCIN","DTP","PC_CHILD","A","2009",92.3,
"AUS","CHILDVACCIN","DTP","PC_CHILD","A","2010",92,
"AUS","CHILDVACCIN","DTP","PC_CHILD","A","2011",92,
"AUS","CHILDVACCIN","DTP","PC_CHILD","A","2012",92.2,
"AUS","CHILDVACCIN","DTP","PC_CHILD","A","2013",91.4,
"AUS","CHILDVACCIN","DTP","PC_CHILD","A","2014",91.6,
"AUS","CHILDVACCIN","DTP","PC_CHILD","A","2015",93.1,
"AUS","CHILDVACCIN","DTP","PC_CHILD","A","2016",94.3,
"AUS","CHILDVACCIN","DTP","PC_CHILD","A","2017",94.8,
"AUS","CHILDVACCIN","DTP","PC_CHILD","A","2018",94.6,
"AUT","CHILDVACCIN","DTP","PC_CHILD","A","1990",90,
"AUT","CHILDVACCIN","DTP","PC_CHILD","A","1991",90,
"AUT","CHILDVACCIN","DTP","PC_CHILD","A","1992",90,
"AUT","CHILDVACCIN","DTP","PC_CHILD","A","1993",90,
"AUT","CHILDVACCIN","DTP","PC_CHILD","A","1994",90,
"AUT","CHILDVACCIN","DTP","PC_CHILD","A","1995",90,
"AUT","CHILDVACCIN","DTP","PC_CHILD","A","1996",90,
"AUT","CHILDVACCIN","DTP","PC_CHILD","A","1997",90,
"AUT","CHILDVACCIN","DTP","PC_CHILD","A","1998",82,"E"
"AUT","CHILDVACCIN","DTP","PC_CHILD","A","1999",74,
"AUT","CHILDVACCIN","DTP","PC_CHILD","A","2000",81,
"AUT","CHILDVACCIN","DTP","PC_CHILD","A","2001",84,
"AUT","CHILDVACCIN","DTP","PC_CHILD","A","2002",83,
"AUT","CHILDVACCIN","DTP","PC_CHILD","A","2003",84,
"AUT","CHILDVACCIN","DTP","PC_CHILD","A","2004",83,
"AUT","CHILDVACCIN","DTP","PC_CHILD","A","2005",86,
"AUT","CHILDVACCIN","DTP","PC_CHILD","A","2006",83,
"AUT","CHILDVACCIN","DTP","PC_CHILD","A","2007",85,
"AUT","CHILDVACCIN","DTP","PC_CHILD","A","2008",83,
"AUT","CHILDVACCIN","DTP","PC_CHILD","A","2009",83.3,
"AUT","CHILDVACCIN","DTP","PC_CHILD","A","2010",86,"E"
"AUT","CHILDVACCIN","DTP","PC_CHILD","A","2011",89,"E"
"AUT","CHILDVACCIN","DTP","PC_CHILD","A","2012",92,"E"
"AUT","CHILDVACCIN","DTP","PC_CHILD","A","2013",95,"E"
"AUT","CHILDVACCIN","DTP","PC_CHILD","A","2014",98,"E"
"AUT","CHILDVACCIN","DTP","PC_CHILD","A","2015",93,"E"
"AUT","CHILDVACCIN","DTP","PC_CHILD","A","2016",87,"E"
"AUT","CHILDVACCIN","DTP","PC_CHILD","A","2017",90,"E"
"AUT","CHILDVACCIN","DTP","PC_CHILD","A","2018",85,"E"
"BEL","CHILDVACCIN","DTP","PC_CHILD","A","1990",93,
"BEL","CHILDVACCIN","DTP","PC_CHILD","A","1991",92,
"BEL","CHILDVACCIN","DTP","PC_CHILD","A","1992",95,
"BEL","CHILDVACCIN","DTP","PC_CHILD","A","1993",97,
"BEL","CHILDVACCIN","DTP","PC_CHILD","A","1994",96,
"BEL","CHILDVACCIN","DTP","PC_CHILD","A","1995",94,
"BEL","CHILDVACCIN","DTP","PC_CHILD","A","1996",95,
"BEL","CHILDVACCIN","DTP","PC_CHILD","A","1997",87,"E"
"BEL","CHILDVACCIN","DTP","PC_CHILD","A","1998",79,
"BEL","CHILDVACCIN","DTP","PC_CHILD","A","1999",87,"E"
"BEL","CHILDVACCIN","DTP","PC_CHILD","A","2000",95,"E"
"BEL","CHILDVACCIN","DTP","PC_CHILD","A","2001",95,"E"
"BEL","CHILDVACCIN","DTP","PC_CHILD","A","2002",95,"E"
"BEL","CHILDVACCIN","DTP","PC_CHILD","A","2003",95,"E"
"BEL","CHILDVACCIN","DTP","PC_CHILD","A","2004",95,"E"
"BEL","CHILDVACCIN","DTP","PC_CHILD","A","2005",97,"E"
"BEL","CHILDVACCIN","DTP","PC_CHILD","A","2006",98,"E"
"BEL","CHILDVACCIN","DTP","PC_CHILD","A","2007",98,"E"
"BEL","CHILDVACCIN","DTP","PC_CHILD","A","2008",99,"E"
"BEL","CHILDVACCIN","DTP","PC_CHILD","A","2009",98,"E"
"BEL","CHILDVACCIN","DTP","PC_CHILD","A","2010",98,"E"
"BEL","CHILDVACCIN","DTP","PC_CHILD","A","2011",98,"E"
"BEL","CHILDVACCIN","DTP","PC_CHILD","A","2012",99,"E"
"BEL","CHILDVACCIN","DTP","PC_CHILD","A","2013",99,"E"
"BEL","CHILDVACCIN","DTP","PC_CHILD","A","2014",99,"E"
"BEL","CHILDVACCIN","DTP","PC_CHILD","A","2015",99,"E"
"BEL","CHILDVACCIN","DTP","PC_CHILD","A","2016",98,"E"
"BEL","CHILDVACCIN","DTP","PC_CHILD","A","2017",98,"E"
"BEL","CHILDVACCIN","DTP","PC_CHILD","A","2018",98,"E"
"CAN","CHILDVACCIN","DTP","PC_CHILD","A","1990",88,"E"
"CAN","CHILDVACCIN","DTP","PC_CHILD","A","1991",88,"E"
"CAN","CHILDVACCIN","DTP","PC_CHILD","A","1992",89,"E"
"CAN","CHILDVACCIN","DTP","PC_CHILD","A","1993",90,
"CAN","CHILDVACCIN","DTP","PC_CHILD","A","1994",93,
"CAN","CHILDVACCIN","DTP","PC_CHILD","A","1995",87,
"CAN","CHILDVACCIN","DTP","PC_CHILD","A","1996",90,
"CAN","CHILDVACCIN","DTP","PC_CHILD","A","1997",86,
"CAN","CHILDVACCIN","DTP","PC_CHILD","A","1998",90,
"CAN","CHILDVACCIN","DTP","PC_CHILD","A","1999",90,"E"
"CAN","CHILDVACCIN","DTP","PC_CHILD","A","2000",89,"E"
"CAN","CHILDVACCIN","DTP","PC_CHILD","A","2001",89,"E"
"CAN","CHILDVACCIN","DTP","PC_CHILD","A","2002",88,"E"
"CAN","CHILDVACCIN","DTP","PC_CHILD","A","2003",91,"E"
"CAN","CHILDVACCIN","DTP","PC_CHILD","A","2004",91,"E"
"CAN","CHILDVACCIN","DTP","PC_CHILD","A","2005",93,"E"
"CAN","CHILDVACCIN","DTP","PC_CHILD","A","2006",95,"E"
"CAN","CHILDVACCIN","DTP","PC_CHILD","A","2007",94,"E"
"CAN","CHILDVACCIN","DTP","PC_CHILD","A","2008",92,"E"
"CAN","CHILDVACCIN","DTP","PC_CHILD","A","2009",91,"E"
"CAN","CHILDVACCIN","DTP","PC_CHILD","A","2010",89,"E"
"CAN","CHILDVACCIN","DTP","PC_CHILD","A","2011",87,"E"
"CAN","CHILDVACCIN","DTP","PC_CHILD","A","2012",91,"E"
"CAN","CHILDVACCIN","DTP","PC_CHILD","A","2013",91,"E"
"CAN","CHILDVACCIN","DTP","PC_CHILD","A","2014",91,"E"
"CAN","CHILDVACCIN","DTP","PC_CHILD","A","2015",91,"E"
"CAN","CHILDVACCIN","DTP","PC_CHILD","A","2016",91,"E"
"CAN","CHILDVACCIN","DTP","PC_CHILD","A","2017",91,"E"
"CAN","CHILDVACCIN","DTP","PC_CHILD","A","2018",91,"E"
"CZE","CHILDVACCIN","DTP","PC_CHILD","A","1991",99,
"CZE","CHILDVACCIN","DTP","PC_CHILD","A","1992",99,
"CZE","CHILDVACCIN","DTP","PC_CHILD","A","1993",99,
"CZE","CHILDVACCIN","DTP","PC_CHILD","A","1994",98,
"CZE","CHILDVACCIN","DTP","PC_CHILD","A","1995",96,
"CZE","CHILDVACCIN","DTP","PC_CHILD","A","1996",97,
"CZE","CHILDVACCIN","DTP","PC_CHILD","A","1997",98,
"CZE","CHILDVACCIN","DTP","PC_CHILD","A","1998",98,
"CZE","CHILDVACCIN","DTP","PC_CHILD","A","1999",98,
"CZE","CHILDVACCIN","DTP","PC_CHILD","A","2000",98.4,
"CZE","CHILDVACCIN","DTP","PC_CHILD","A","2001",98,"E"
"CZE","CHILDVACCIN","DTP","PC_CHILD","A","2002",97.7,
"CZE","CHILDVACCIN","DTP","PC_CHILD","A","2003",97,
"CZE","CHILDVACCIN","DTP","PC_CHILD","A","2004",97.9,
"CZE","CHILDVACCIN","DTP","PC_CHILD","A","2005",97.3,
"CZE","CHILDVACCIN","DTP","PC_CHILD","A","2006",98,"E"
"CZE","CHILDVACCIN","DTP","PC_CHILD","A","2007",99,
"CZE","CHILDVACCIN","DTP","PC_CHILD","A","2008",99,
"CZE","CHILDVACCIN","DTP","PC_CHILD","A","2009",99,
"CZE","CHILDVACCIN","DTP","PC_CHILD","A","2010",99,
"CZE","CHILDVACCIN","DTP","PC_CHILD","A","2011",99,
"CZE","CHILDVACCIN","DTP","PC_CHILD","A","2012",95.8,
"CZE","CHILDVACCIN","DTP","PC_CHILD","A","2013",98,"E"
"CZE","CHILDVACCIN","DTP","PC_CHILD","A","2014",97,"E"
"CZE","CHILDVACCIN","DTP","PC_CHILD","A","2015",97,"E"
"CZE","CHILDVACCIN","DTP","PC_CHILD","A","2016",95.8,
"CZE","CHILDVACCIN","DTP","PC_CHILD","A","2017",96,"E"
"CZE","CHILDVACCIN","DTP","PC_CHILD","A","2018",96,"E"
"DNK","CHILDVACCIN","DTP","PC_CHILD","A","1990",90,
"DNK","CHILDVACCIN","DTP","PC_CHILD","A","1991",90,
"DNK","CHILDVACCIN","DTP","PC_CHILD","A","1992",91,
"DNK","CHILDVACCIN","DTP","PC_CHILD","A","1993",88,
"DNK","CHILDVACCIN","DTP","PC_CHILD","A","1994",89,
"DNK","CHILDVACCIN","DTP","PC_CHILD","A","1995",90,
"DNK","CHILDVACCIN","DTP","PC_CHILD","A","1996",77,
"DNK","CHILDVACCIN","DTP","PC_CHILD","A","1997",92,
"DNK","CHILDVACCIN","DTP","PC_CHILD","A","1998",99,
"DNK","CHILDVACCIN","DTP","PC_CHILD","A","1999",99,
"DNK","CHILDVACCIN","DTP","PC_CHILD","A","2000",97,"E"
"DNK","CHILDVACCIN","DTP","PC_CHILD","A","2001",97,
"DNK","CHILDVACCIN","DTP","PC_CHILD","A","2002",98.1,
"DNK","CHILDVACCIN","DTP","PC_CHILD","A","2003",96,
"DNK","CHILDVACCIN","DTP","PC_CHILD","A","2004",95,
"DNK","CHILDVACCIN","DTP","PC_CHILD","A","2005",93,
"DNK","CHILDVACCIN","DTP","PC_CHILD","A","2006",93,
"DNK","CHILDVACCIN","DTP","PC_CHILD","A","2007",87,
"DNK","CHILDVACCIN","DTP","PC_CHILD","A","2008",88,"E"
"DNK","CHILDVACCIN","DTP","PC_CHILD","A","2009",89,
"DNK","CHILDVACCIN","DTP","PC_CHILD","A","2010",90,
"DNK","CHILDVACCIN","DTP","PC_CHILD","A","2011",91,
"DNK","CHILDVACCIN","DTP","PC_CHILD","A","2012",91,
"DNK","CHILDVACCIN","DTP","PC_CHILD","A","2013",91,
"DNK","CHILDVACCIN","DTP","PC_CHILD","A","2014",91,
"DNK","CHILDVACCIN","DTP","PC_CHILD","A","2015",90,
"DNK","CHILDVACCIN","DTP","PC_CHILD","A","2016",91,
"DNK","CHILDVACCIN","DTP","PC_CHILD","A","2017",95,
"DNK","CHILDVACCIN","DTP","PC_CHILD","A","2018",96,
"FIN","CHILDVACCIN","DTP","PC_CHILD","A","1990",90,
"FIN","CHILDVACCIN","DTP","PC_CHILD","A","1991",95,
"FIN","CHILDVACCIN","DTP","PC_CHILD","A","1992",99,
"FIN","CHILDVACCIN","DTP","PC_CHILD","A","1993",99,
"FIN","CHILDVACCIN","DTP","PC_CHILD","A","1994",99,
"FIN","CHILDVACCIN","DTP","PC_CHILD","A","1995",99,
"FIN","CHILDVACCIN","DTP","PC_CHILD","A","1996",99,
"FIN","CHILDVACCIN","DTP","PC_CHILD","A","1997",99,
"FIN","CHILDVACCIN","DTP","PC_CHILD","A","1998",99,
"FIN","CHILDVACCIN","DTP","PC_CHILD","A","1999",99,
"FIN","CHILDVACCIN","DTP","PC_CHILD","A","2000",99,"E"
"FIN","CHILDVACCIN","DTP","PC_CHILD","A","2001",98,"E"
"FIN","CHILDVACCIN","DTP","PC_CHILD","A","2002",98,"E"
"FIN","CHILDVACCIN","DTP","PC_CHILD","A","2003",98,"E"
"FIN","CHILDVACCIN","DTP","PC_CHILD","A","2004",98,"E"
"FIN","CHILDVACCIN","DTP","PC_CHILD","A","2005",97,"E"
"FIN","CHILDVACCIN","DTP","PC_CHILD","A","2006",97,"E"
"FIN","CHILDVACCIN","DTP","PC_CHILD","A","2007",99,"E"
"FIN","CHILDVACCIN","DTP","PC_CHILD","A","2008",99,"E"
"FIN","CHILDVACCIN","DTP","PC_CHILD","A","2009",99,"E"
"FIN","CHILDVACCIN","DTP","PC_CHILD","A","2010",99,"E"
"FIN","CHILDVACCIN","DTP","PC_CHILD","A","2011",99,"E"
"FIN","CHILDVACCIN","DTP","PC_CHILD","A","2012",99,"E"
"FIN","CHILDVACCIN","DTP","PC_CHILD","A","2013",98,"E"
"FIN","CHILDVACCIN","DTP","PC_CHILD","A","2014",98,"E"
"FIN","CHILDVACCIN","DTP","PC_CHILD","A","2015",97,"E"
"FIN","CHILDVACCIN","DTP","PC_CHILD","A","2016",92,"E"
"FIN","CHILDVACCIN","DTP","PC_CHILD","A","2017",89,"E"
"FIN","CHILDVACCIN","DTP","PC_CHILD","A","2018",91,"E"
"FRA","CHILDVACCIN","DTP","PC_CHILD","A","1990",94,
"FRA","CHILDVACCIN","DTP","PC_CHILD","A","1991",94,
"FRA","CHILDVACCIN","DTP","PC_CHILD","A","1992",94,
"FRA","CHILDVACCIN","DTP","PC_CHILD","A","1993",94,
"FRA","CHILDVACCIN","DTP","PC_CHILD","A","1994",96,
"FRA","CHILDVACCIN","DTP","PC_CHILD","A","1995",96,
"FRA","CHILDVACCIN","DTP","PC_CHILD","A","1996",97,
"FRA","CHILDVACCIN","DTP","PC_CHILD","A","1997",97,
"FRA","CHILDVACCIN","DTP","PC_CHILD","A","1998",96,
"FRA","CHILDVACCIN","DTP","PC_CHILD","A","1999",97,
"FRA","CHILDVACCIN","DTP","PC_CHILD","A","2000",97,"E"
"FRA","CHILDVACCIN","DTP","PC_CHILD","A","2001",97,"E"
"FRA","CHILDVACCIN","DTP","PC_CHILD","A","2002",97,"E"
"FRA","CHILDVACCIN","DTP","PC_CHILD","A","2003",97,"E"
"FRA","CHILDVACCIN","DTP","PC_CHILD","A","2004",98,"E"
"FRA","CHILDVACCIN","DTP","PC_CHILD","A","2005",98,"E"
"FRA","CHILDVACCIN","DTP","PC_CHILD","A","2006",99,"E"
"FRA","CHILDVACCIN","DTP","PC_CHILD","A","2007",99,"E"
"FRA","CHILDVACCIN","DTP","PC_CHILD","A","2008",99,"E"
"FRA","CHILDVACCIN","DTP","PC_CHILD","A","2009",98,"E"
"FRA","CHILDVACCIN","DTP","PC_CHILD","A","2010",99,"E"
"FRA","CHILDVACCIN","DTP","PC_CHILD","A","2011",99,"E"
"FRA","CHILDVACCIN","DTP","PC_CHILD","A","2012",99,"E"
"FRA","CHILDVACCIN","DTP","PC_CHILD","A","2013",99,"E"
"FRA","CHILDVACCIN","DTP","PC_CHILD","A","2014",98,"E"
"FRA","CHILDVACCIN","DTP","PC_CHILD","A","2015",97,"E"
"FRA","CHILDVACCIN","DTP","PC_CHILD","A","2016",96.7,
"FRA","CHILDVACCIN","DTP","PC_CHILD","A","2017",96.1,
"FRA","CHILDVACCIN","DTP","PC_CHILD","A","2018",96.3,
"DEU","CHILDVACCIN","DTP","PC_CHILD","A","1990",80,
"DEU","CHILDVACCIN","DTP","PC_CHILD","A","1991",90,
"DEU","CHILDVACCIN","DTP","PC_CHILD","A","1992",80,
"DEU","CHILDVACCIN","DTP","PC_CHILD","A","1993",80,
"DEU","CHILDVACCIN","DTP","PC_CHILD","A","1994",80,
"DEU","CHILDVACCIN","DTP","PC_CHILD","A","1995",80,
"DEU","CHILDVACCIN","DTP","PC_CHILD","A","1996",80,
"DEU","CHILDVACCIN","DTP","PC_CHILD","A","1997",85,
"DEU","CHILDVACCIN","DTP","PC_CHILD","A","1998",62,
"DEU","CHILDVACCIN","DTP","PC_CHILD","A","1999",73,
"DEU","CHILDVACCIN","DTP","PC_CHILD","A","2000",90,"E"
"DEU","CHILDVACCIN","DTP","PC_CHILD","A","2001",93,"E"
"DEU","CHILDVACCIN","DTP","PC_CHILD","A","2002",96,
"DEU","CHILDVACCIN","DTP","PC_CHILD","A","2003",97,
"DEU","CHILDVACCIN","DTP","PC_CHILD","A","2004",97,
"DEU","CHILDVACCIN","DTP","PC_CHILD","A","2005",97.7,
"DEU","CHILDVACCIN","DTP","PC_CHILD","A","2006",98,
"DEU","CHILDVACCIN","DTP","PC_CHILD","A","2007",98,
"DEU","CHILDVACCIN","DTP","PC_CHILD","A","2008",97,
"DEU","CHILDVACCIN","DTP","PC_CHILD","A","2009",96,
"DEU","CHILDVACCIN","DTP","PC_CHILD","A","2010",96,
"DEU","CHILDVACCIN","DTP","PC_CHILD","A","2011",96,
"DEU","CHILDVACCIN","DTP","PC_CHILD","A","2012",96,
"DEU","CHILDVACCIN","DTP","PC_CHILD","A","2013",96,
"DEU","CHILDVACCIN","DTP","PC_CHILD","A","2014",93,"E"
"DEU","CHILDVACCIN","DTP","PC_CHILD","A","2015",93,"E"
"DEU","CHILDVACCIN","DTP","PC_CHILD","A","2016",93,"E"
"DEU","CHILDVACCIN","DTP","PC_CHILD","A","2017",93,"E"
"DEU","CHILDVACCIN","DTP","PC_CHILD","A","2018",93,"E"
"GRC","CHILDVACCIN","DTP","PC_CHILD","A","1990",54,
"GRC","CHILDVACCIN","DTP","PC_CHILD","A","1991",85,
"GRC","CHILDVACCIN","DTP","PC_CHILD","A","1992",89,
"GRC","CHILDVACCIN","DTP","PC_CHILD","A","1993",89,
"GRC","CHILDVACCIN","DTP","PC_CHILD","A","1994",90,
"GRC","CHILDVACCIN","DTP","PC_CHILD","A","1995",90,
"GRC","CHILDVACCIN","DTP","PC_CHILD","A","1996",90,
"GRC","CHILDVACCIN","DTP","PC_CHILD","A","1997",90,
"GRC","CHILDVACCIN","DTP","PC_CHILD","A","1998",89,"E"
"GRC","CHILDVACCIN","DTP","PC_CHILD","A","1999",88,
"GRC","CHILDVACCIN","DTP","PC_CHILD","A","2000",89,"E"
"GRC","CHILDVACCIN","DTP","PC_CHILD","A","2001",91,"E"
"GRC","CHILDVACCIN","DTP","PC_CHILD","A","2002",92,"E"
"GRC","CHILDVACCIN","DTP","PC_CHILD","A","2003",94,"E"
"GRC","CHILDVACCIN","DTP","PC_CHILD","A","2004",95,"E"
"GRC","CHILDVACCIN","DTP","PC_CHILD","A","2005",96,"E"
"GRC","CHILDVACCIN","DTP","PC_CHILD","A","2006",98,"E"
"GRC","CHILDVACCIN","DTP","PC_CHILD","A","2007",99,"E"
"GRC","CHILDVACCIN","DTP","PC_CHILD","A","2008",99,"E"
"GRC","CHILDVACCIN","DTP","PC_CHILD","A","2009",99,"E"
"GRC","CHILDVACCIN","DTP","PC_CHILD","A","2010",99,"E"
"GRC","CHILDVACCIN","DTP","PC_CHILD","A","2011",99,"E"
"GRC","CHILDVACCIN","DTP","PC_CHILD","A","2012",99,"E"
"GRC","CHILDVACCIN","DTP","PC_CHILD","A","2013",99,"E"
"GRC","CHILDVACCIN","DTP","PC_CHILD","A","2014",99,"E"
"GRC","CHILDVACCIN","DTP","PC_CHILD","A","2015",99,"E"
"GRC","CHILDVACCIN","DTP","PC_CHILD","A","2016",99,"E"
"GRC","CHILDVACCIN","DTP","PC_CHILD","A","2017",99,"E"
"GRC","CHILDVACCIN","DTP","PC_CHILD","A","2018",99,"E"
"HUN","CHILDVACCIN","DTP","PC_CHILD","A","1990",99,
"HUN","CHILDVACCIN","DTP","PC_CHILD","A","1991",99,
"HUN","CHILDVACCIN","DTP","PC_CHILD","A","1992",99,
"HUN","CHILDVACCIN","DTP","PC_CHILD","A","1993",99,
"HUN","CHILDVACCIN","DTP","PC_CHILD","A","1994",99,
"HUN","CHILDVACCIN","DTP","PC_CHILD","A","1995",99,
"HUN","CHILDVACCIN","DTP","PC_CHILD","A","1996",99,
"HUN","CHILDVACCIN","DTP","PC_CHILD","A","1997",99,
"HUN","CHILDVACCIN","DTP","PC_CHILD","A","1998",99,
"HUN","CHILDVACCIN","DTP","PC_CHILD","A","1999",99,
"HUN","CHILDVACCIN","DTP","PC_CHILD","A","2000",99.8,
"HUN","CHILDVACCIN","DTP","PC_CHILD","A","2001",99.8,
"HUN","CHILDVACCIN","DTP","PC_CHILD","A","2002",99.8,
"HUN","CHILDVACCIN","DTP","PC_CHILD","A","2003",99.8,
"HUN","CHILDVACCIN","DTP","PC_CHILD","A","2004",99.8,
"HUN","CHILDVACCIN","DTP","PC_CHILD","A","2005",100,
"HUN","CHILDVACCIN","DTP","PC_CHILD","A","2006",100,
"HUN","CHILDVACCIN","DTP","PC_CHILD","A","2007",100,
"HUN","CHILDVACCIN","DTP","PC_CHILD","A","2008",100,
"HUN","CHILDVACCIN","DTP","PC_CHILD","A","2009",99.8,
"HUN","CHILDVACCIN","DTP","PC_CHILD","A","2010",99.9,
"HUN","CHILDVACCIN","DTP","PC_CHILD","A","2011",99.8,
"HUN","CHILDVACCIN","DTP","PC_CHILD","A","2012",99.9,
"HUN","CHILDVACCIN","DTP","PC_CHILD","A","2013",99.8,
"HUN","CHILDVACCIN","DTP","PC_CHILD","A","2014",99.9,
"HUN","CHILDVACCIN","DTP","PC_CHILD","A","2015",99.8,
"HUN","CHILDVACCIN","DTP","PC_CHILD","A","2016",99.8,
"HUN","CHILDVACCIN","DTP","PC_CHILD","A","2017",99.9,
"HUN","CHILDVACCIN","DTP","PC_CHILD","A","2018",99.9,
"ISL","CHILDVACCIN","DTP","PC_CHILD","A","1990",99,
"ISL","CHILDVACCIN","DTP","PC_CHILD","A","1991",99,
"ISL","CHILDVACCIN","DTP","PC_CHILD","A","1992",99,
"ISL","CHILDVACCIN","DTP","PC_CHILD","A","1993",99,
"ISL","CHILDVACCIN","DTP","PC_CHILD","A","1994",99,
"ISL","CHILDVACCIN","DTP","PC_CHILD","A","1995",99,
"ISL","CHILDVACCIN","DTP","PC_CHILD","A","1996",99,
"ISL","CHILDVACCIN","DTP","PC_CHILD","A","1997",99,
"ISL","CHILDVACCIN","DTP","PC_CHILD","A","1998",99,"E"
"ISL","CHILDVACCIN","DTP","PC_CHILD","A","1999",98,"E"
"ISL","CHILDVACCIN","DTP","PC_CHILD","A","2000",98,"E"
"ISL","CHILDVACCIN","DTP","PC_CHILD","A","2001",92,"E"
"ISL","CHILDVACCIN","DTP","PC_CHILD","A","2002",95,"E"
"ISL","CHILDVACCIN","DTP","PC_CHILD","A","2003",97,
"ISL","CHILDVACCIN","DTP","PC_CHILD","A","2004",99,
"ISL","CHILDVACCIN","DTP","PC_CHILD","A","2005",95,
"ISL","CHILDVACCIN","DTP","PC_CHILD","A","2006",97,
"ISL","CHILDVACCIN","DTP","PC_CHILD","A","2007",97,
"ISL","CHILDVACCIN","DTP","PC_CHILD","A","2008",98,
"ISL","CHILDVACCIN","DTP","PC_CHILD","A","2009",96.2,
"ISL","CHILDVACCIN","DTP","PC_CHILD","A","2010",96,"E"
"ISL","CHILDVACCIN","DTP","PC_CHILD","A","2011",95.3,
"ISL","CHILDVACCIN","DTP","PC_CHILD","A","2012",89,
"ISL","CHILDVACCIN","DTP","PC_CHILD","A","2013",91.2,
"ISL","CHILDVACCIN","DTP","PC_CHILD","A","2014",90,
"ISL","CHILDVACCIN","DTP","PC_CHILD","A","2015",92,
"ISL","CHILDVACCIN","DTP","PC_CHILD","A","2016",87,
"ISL","CHILDVACCIN","DTP","PC_CHILD","A","2017",91,
"ISL","CHILDVACCIN","DTP","PC_CHILD","A","2018",91,
"IRL","CHILDVACCIN","DTP","PC_CHILD","A","1990",65,
"IRL","CHILDVACCIN","DTP","PC_CHILD","A","1991",67,"E"
"IRL","CHILDVACCIN","DTP","PC_CHILD","A","1992",68,"E"
"IRL","CHILDVACCIN","DTP","PC_CHILD","A","1993",70,"E"
"IRL","CHILDVACCIN","DTP","PC_CHILD","A","1994",71,"E"
"IRL","CHILDVACCIN","DTP","PC_CHILD","A","1995",73,"E"
"IRL","CHILDVACCIN","DTP","PC_CHILD","A","1996",74,"E"
"IRL","CHILDVACCIN","DTP","PC_CHILD","A","1997",76,
"IRL","CHILDVACCIN","DTP","PC_CHILD","A","1998",84,
"IRL","CHILDVACCIN","DTP","PC_CHILD","A","1999",86,
"IRL","CHILDVACCIN","DTP","PC_CHILD","A","2000",86,
"IRL","CHILDVACCIN","DTP","PC_CHILD","A","2001",84,
"IRL","CHILDVACCIN","DTP","PC_CHILD","A","2002",83,
"IRL","CHILDVACCIN","DTP","PC_CHILD","A","2003",86,
"IRL","CHILDVACCIN","DTP","PC_CHILD","A","2004",89,
"IRL","CHILDVACCIN","DTP","PC_CHILD","A","2005",90,
"IRL","CHILDVACCIN","DTP","PC_CHILD","A","2006",91,
"IRL","CHILDVACCIN","DTP","PC_CHILD","A","2007",92,
"IRL","CHILDVACCIN","DTP","PC_CHILD","A","2008",93,
"IRL","CHILDVACCIN","DTP","PC_CHILD","A","2009",93.7,
"IRL","CHILDVACCIN","DTP","PC_CHILD","A","2010",94,
"IRL","CHILDVACCIN","DTP","PC_CHILD","A","2011",95,
"IRL","CHILDVACCIN","DTP","PC_CHILD","A","2012",95.5,
"IRL","CHILDVACCIN","DTP","PC_CHILD","A","2013",95.5,
"IRL","CHILDVACCIN","DTP","PC_CHILD","A","2014",95.5,
"IRL","CHILDVACCIN","DTP","PC_CHILD","A","2015",95.2,
"IRL","CHILDVACCIN","DTP","PC_CHILD","A","2016",95,
"IRL","CHILDVACCIN","DTP","PC_CHILD","A","2017",94.8,
"IRL","CHILDVACCIN","DTP","PC_CHILD","A","2018",94.5,
"ITA","CHILDVACCIN","DTP","PC_CHILD","A","1990",80,
"ITA","CHILDVACCIN","DTP","PC_CHILD","A","1991",80,
"ITA","CHILDVACCIN","DTP","PC_CHILD","A","1992",80,
"ITA","CHILDVACCIN","DTP","PC_CHILD","A","1993",82,
"ITA","CHILDVACCIN","DTP","PC_CHILD","A","1994",83,
"ITA","CHILDVACCIN","DTP","PC_CHILD","A","1995",84,
"ITA","CHILDVACCIN","DTP","PC_CHILD","A","1996",84,
"ITA","CHILDVACCIN","DTP","PC_CHILD","A","1997",85,
"ITA","CHILDVACCIN","DTP","PC_CHILD","A","1998",86,
"ITA","CHILDVACCIN","DTP","PC_CHILD","A","1999",87,
"ITA","CHILDVACCIN","DTP","PC_CHILD","A","2000",87,
"ITA","CHILDVACCIN","DTP","PC_CHILD","A","2001",93,
"ITA","CHILDVACCIN","DTP","PC_CHILD","A","2002",93,
"ITA","CHILDVACCIN","DTP","PC_CHILD","A","2003",96,
"ITA","CHILDVACCIN","DTP","PC_CHILD","A","2004",94,
"ITA","CHILDVACCIN","DTP","PC_CHILD","A","2005",95,
"ITA","CHILDVACCIN","DTP","PC_CHILD","A","2006",96,
"ITA","CHILDVACCIN","DTP","PC_CHILD","A","2007",97,
"ITA","CHILDVACCIN","DTP","PC_CHILD","A","2008",96,
"ITA","CHILDVACCIN","DTP","PC_CHILD","A","2009",96,
"ITA","CHILDVACCIN","DTP","PC_CHILD","A","2010",96,
"ITA","CHILDVACCIN","DTP","PC_CHILD","A","2011",95.8,
"ITA","CHILDVACCIN","DTP","PC_CHILD","A","2012",96,
"ITA","CHILDVACCIN","DTP","PC_CHILD","A","2013",96,"E"
"ITA","CHILDVACCIN","DTP","PC_CHILD","A","2014",95,"E"
"ITA","CHILDVACCIN","DTP","PC_CHILD","A","2015",93.2,
"ITA","CHILDVACCIN","DTP","PC_CHILD","A","2016",94,
"ITA","CHILDVACCIN","DTP","PC_CHILD","A","2017",95,
"ITA","CHILDVACCIN","DTP","PC_CHILD","A","2018",95.1,
"JPN","CHILDVACCIN","DTP","PC_CHILD","A","1990",87,
"JPN","CHILDVACCIN","DTP","PC_CHILD","A","1991",92,
"JPN","CHILDVACCIN","DTP","PC_CHILD","A","1992",87,
"JPN","CHILDVACCIN","DTP","PC_CHILD","A","1993",85,
"JPN","CHILDVACCIN","DTP","PC_CHILD","A","1994",80,"E"
"JPN","CHILDVACCIN","DTP","PC_CHILD","A","1995",74,
"JPN","CHILDVACCIN","DTP","PC_CHILD","A","1996",99,
"JPN","CHILDVACCIN","DTP","PC_CHILD","A","1997",70,
"JPN","CHILDVACCIN","DTP","PC_CHILD","A","1998",75,"E"
"JPN","CHILDVACCIN","DTP","PC_CHILD","A","1999",80,"E"
"JPN","CHILDVACCIN","DTP","PC_CHILD","A","2000",85,"E"
"JPN","CHILDVACCIN","DTP","PC_CHILD","A","2001",95,"E"
"JPN","CHILDVACCIN","DTP","PC_CHILD","A","2002",96,"E"
"JPN","CHILDVACCIN","DTP","PC_CHILD","A","2003",97,"E"
"JPN","CHILDVACCIN","DTP","PC_CHILD","A","2004",99,"E"
"JPN","CHILDVACCIN","DTP","PC_CHILD","A","2005",98,"E"
"JPN","CHILDVACCIN","DTP","PC_CHILD","A","2006",98,"E"
"JPN","CHILDVACCIN","DTP","PC_CHILD","A","2007",98,"E"
"JPN","CHILDVACCIN","DTP","PC_CHILD","A","2008",98,"E"
"JPN","CHILDVACCIN","DTP","PC_CHILD","A","2009",97,"E"
"JPN","CHILDVACCIN","DTP","PC_CHILD","A","2010",97,"E"
"JPN","CHILDVACCIN","DTP","PC_CHILD","A","2011",97,"E"
"JPN","CHILDVACCIN","DTP","PC_CHILD","A","2012",97,"E"
"JPN","CHILDVACCIN","DTP","PC_CHILD","A","2013",96,"E"
"JPN","CHILDVACCIN","DTP","PC_CHILD","A","2014",96,"E"
"JPN","CHILDVACCIN","DTP","PC_CHILD","A","2015",96,"E"
"JPN","CHILDVACCIN","DTP","PC_CHILD","A","2016",99,"E"
"JPN","CHILDVACCIN","DTP","PC_CHILD","A","2017",99,"E"
"JPN","CHILDVACCIN","DTP","PC_CHILD","A","2018",99,"E"
"KOR","CHILDVACCIN","DTP","PC_CHILD","A","1990",74,
"KOR","CHILDVACCIN","DTP","PC_CHILD","A","1991",79,"E"
"KOR","CHILDVACCIN","DTP","PC_CHILD","A","1992",84,"E"
"KOR","CHILDVACCIN","DTP","PC_CHILD","A","1993",88,"E"
"KOR","CHILDVACCIN","DTP","PC_CHILD","A","1994",93,
"KOR","CHILDVACCIN","DTP","PC_CHILD","A","1995",99,
"KOR","CHILDVACCIN","DTP","PC_CHILD","A","1996",90,"E"
"KOR","CHILDVACCIN","DTP","PC_CHILD","A","1997",80,
"KOR","CHILDVACCIN","DTP","PC_CHILD","A","1998",74,
"KOR","CHILDVACCIN","DTP","PC_CHILD","A","1999",86,"E"
"KOR","CHILDVACCIN","DTP","PC_CHILD","A","2000",96.8,
"KOR","CHILDVACCIN","DTP","PC_CHILD","A","2001",97,
"KOR","CHILDVACCIN","DTP","PC_CHILD","A","2002",97,
"KOR","CHILDVACCIN","DTP","PC_CHILD","A","2003",97,
"KOR","CHILDVACCIN","DTP","PC_CHILD","A","2004",87.5,
"KOR","CHILDVACCIN","DTP","PC_CHILD","A","2005",96.1,
"KOR","CHILDVACCIN","DTP","PC_CHILD","A","2006",98,
"KOR","CHILDVACCIN","DTP","PC_CHILD","A","2007",91,
"KOR","CHILDVACCIN","DTP","PC_CHILD","A","2008",94,
"KOR","CHILDVACCIN","DTP","PC_CHILD","A","2009",93.9,
"KOR","CHILDVACCIN","DTP","PC_CHILD","A","2010",88.3,
"KOR","CHILDVACCIN","DTP","PC_CHILD","A","2011",86.3,
"KOR","CHILDVACCIN","DTP","PC_CHILD","A","2012",95.8,
"KOR","CHILDVACCIN","DTP","PC_CHILD","A","2013",97.1,
"KOR","CHILDVACCIN","DTP","PC_CHILD","A","2014",97.8,
"KOR","CHILDVACCIN","DTP","PC_CHILD","A","2015",98.1,
"KOR","CHILDVACCIN","DTP","PC_CHILD","A","2016",98.2,
"KOR","CHILDVACCIN","DTP","PC_CHILD","A","2017",97.4,
"KOR","CHILDVACCIN","DTP","PC_CHILD","A","2018",97.5,
"LUX","CHILDVACCIN","DTP","PC_CHILD","A","1990",90,
"LUX","CHILDVACCIN","DTP","PC_CHILD","A","1991",91,"E"
"LUX","CHILDVACCIN","DTP","PC_CHILD","A","1992",93,"E"
"LUX","CHILDVACCIN","DTP","PC_CHILD","A","1993",94,"E"
"LUX","CHILDVACCIN","DTP","PC_CHILD","A","1994",95,"E"
"LUX","CHILDVACCIN","DTP","PC_CHILD","A","1995",97,"E"
"LUX","CHILDVACCIN","DTP","PC_CHILD","A","1996",98,
"LUX","CHILDVACCIN","DTP","PC_CHILD","A","1997",98,
"LUX","CHILDVACCIN","DTP","PC_CHILD","A","1998",93,"E"
"LUX","CHILDVACCIN","DTP","PC_CHILD","A","1999",93,"E"
"LUX","CHILDVACCIN","DTP","PC_CHILD","A","2000",99,"E"
"LUX","CHILDVACCIN","DTP","PC_CHILD","A","2001",99,"E"
"LUX","CHILDVACCIN","DTP","PC_CHILD","A","2002",99,"E"
"LUX","CHILDVACCIN","DTP","PC_CHILD","A","2003",98,"E"
"LUX","CHILDVACCIN","DTP","PC_CHILD","A","2004",99,"E"
"LUX","CHILDVACCIN","DTP","PC_CHILD","A","2005",99,"E"
"LUX","CHILDVACCIN","DTP","PC_CHILD","A","2006",99,"E"
"LUX","CHILDVACCIN","DTP","PC_CHILD","A","2007",99,"E"
"LUX","CHILDVACCIN","DTP","PC_CHILD","A","2008",99,"E"
"LUX","CHILDVACCIN","DTP","PC_CHILD","A","2009",99,"E"
"LUX","CHILDVACCIN","DTP","PC_CHILD","A","2010",99,"E"
"LUX","CHILDVACCIN","DTP","PC_CHILD","A","2011",99,"E"
"LUX","CHILDVACCIN","DTP","PC_CHILD","A","2012",99,"E"
"LUX","CHILDVACCIN","DTP","PC_CHILD","A","2013",99,"E"
"LUX","CHILDVACCIN","DTP","PC_CHILD","A","2014",99,"E"
"LUX","CHILDVACCIN","DTP","PC_CHILD","A","2015",99,"E"
"LUX","CHILDVACCIN","DTP","PC_CHILD","A","2016",99,"E"
"LUX","CHILDVACCIN","DTP","PC_CHILD","A","2017",99,"E"
"LUX","CHILDVACCIN","DTP","PC_CHILD","A","2018",99,"E"
"MEX","CHILDVACCIN","DTP","PC_CHILD","A","1990",53,
"MEX","CHILDVACCIN","DTP","PC_CHILD","A","1991",88,
"MEX","CHILDVACCIN","DTP","PC_CHILD","A","1992",91,
"MEX","CHILDVACCIN","DTP","PC_CHILD","A","1993",82,
"MEX","CHILDVACCIN","DTP","PC_CHILD","A","1994",91,
"MEX","CHILDVACCIN","DTP","PC_CHILD","A","1995",91,
"MEX","CHILDVACCIN","DTP","PC_CHILD","A","1996",94,
"MEX","CHILDVACCIN","DTP","PC_CHILD","A","1997",95,
"MEX","CHILDVACCIN","DTP","PC_CHILD","A","1998",96,
"MEX","CHILDVACCIN","DTP","PC_CHILD","A","1999",96,
"MEX","CHILDVACCIN","DTP","PC_CHILD","A","2000",97,
"MEX","CHILDVACCIN","DTP","PC_CHILD","A","2001",97,
"MEX","CHILDVACCIN","DTP","PC_CHILD","A","2002",97,
"MEX","CHILDVACCIN","DTP","PC_CHILD","A","2003",98,
"MEX","CHILDVACCIN","DTP","PC_CHILD","A","2004",98,
"MEX","CHILDVACCIN","DTP","PC_CHILD","A","2005",98.2,
"MEX","CHILDVACCIN","DTP","PC_CHILD","A","2006",98,
"MEX","CHILDVACCIN","DTP","PC_CHILD","A","2007",98,
"MEX","CHILDVACCIN","DTP","PC_CHILD","A","2008",96,
"MEX","CHILDVACCIN","DTP","PC_CHILD","A","2009",95,
"MEX","CHILDVACCIN","DTP","PC_CHILD","A","2010",95.2,
"MEX","CHILDVACCIN","DTP","PC_CHILD","A","2011",97.3,
"MEX","CHILDVACCIN","DTP","PC_CHILD","A","2012",98.8,
"MEX","CHILDVACCIN","DTP","PC_CHILD","A","2013",82.7,
"MEX","CHILDVACCIN","DTP","PC_CHILD","A","2014",86.9,
"MEX","CHILDVACCIN","DTP","PC_CHILD","A","2015",87.1,
"MEX","CHILDVACCIN","DTP","PC_CHILD","A","2016",93.3,
"MEX","CHILDVACCIN","DTP","PC_CHILD","A","2017",85,
"MEX","CHILDVACCIN","DTP","PC_CHILD","A","2018",88,
"NLD","CHILDVACCIN","DTP","PC_CHILD","A","1990",97,
"NLD","CHILDVACCIN","DTP","PC_CHILD","A","1991",97,
"NLD","CHILDVACCIN","DTP","PC_CHILD","A","1992",97,
"NLD","CHILDVACCIN","DTP","PC_CHILD","A","1993",97,
"NLD","CHILDVACCIN","DTP","PC_CHILD","A","1994",97,
"NLD","CHILDVACCIN","DTP","PC_CHILD","A","1995",97,
"NLD","CHILDVACCIN","DTP","PC_CHILD","A","1996",97,
"NLD","CHILDVACCIN","DTP","PC_CHILD","A","1997",97,
"NLD","CHILDVACCIN","DTP","PC_CHILD","A","1998",97,
"NLD","CHILDVACCIN","DTP","PC_CHILD","A","1999",97,
"NLD","CHILDVACCIN","DTP","PC_CHILD","A","2000",97.2,
"NLD","CHILDVACCIN","DTP","PC_CHILD","A","2001",97.2,
"NLD","CHILDVACCIN","DTP","PC_CHILD","A","2002",97.2,
"NLD","CHILDVACCIN","DTP","PC_CHILD","A","2003",97.6,
"NLD","CHILDVACCIN","DTP","PC_CHILD","A","2004",97.8,
"NLD","CHILDVACCIN","DTP","PC_CHILD","A","2005",96,
"NLD","CHILDVACCIN","DTP","PC_CHILD","A","2006",96.3,
"NLD","CHILDVACCIN","DTP","PC_CHILD","A","2007",96.7,
"NLD","CHILDVACCIN","DTP","PC_CHILD","A","2008",96.8,
"NLD","CHILDVACCIN","DTP","PC_CHILD","A","2009",96.8,
"NLD","CHILDVACCIN","DTP","PC_CHILD","A","2010",96.9,
"NLD","CHILDVACCIN","DTP","PC_CHILD","A","2011",96.7,
"NLD","CHILDVACCIN","DTP","PC_CHILD","A","2012",96.7,
"NLD","CHILDVACCIN","DTP","PC_CHILD","A","2013",96.5,
"NLD","CHILDVACCIN","DTP","PC_CHILD","A","2014",96,
"NLD","CHILDVACCIN","DTP","PC_CHILD","A","2015",95.5,
"NLD","CHILDVACCIN","DTP","PC_CHILD","A","2016",94.8,
"NLD","CHILDVACCIN","DTP","PC_CHILD","A","2017",93.9,
"NLD","CHILDVACCIN","DTP","PC_CHILD","A","2018",93.5,
"NZL","CHILDVACCIN","DTP","PC_CHILD","A","1990",90,
"NZL","CHILDVACCIN","DTP","PC_CHILD","A","1991",81,
"NZL","CHILDVACCIN","DTP","PC_CHILD","A","1992",81,
"NZL","CHILDVACCIN","DTP","PC_CHILD","A","1993",83,"E"
"NZL","CHILDVACCIN","DTP","PC_CHILD","A","1994",84,
"NZL","CHILDVACCIN","DTP","PC_CHILD","A","1995",89,
"NZL","CHILDVACCIN","DTP","PC_CHILD","A","1996",88,"E"
"NZL","CHILDVACCIN","DTP","PC_CHILD","A","1997",86,
"NZL","CHILDVACCIN","DTP","PC_CHILD","A","1998",81,
"NZL","CHILDVACCIN","DTP","PC_CHILD","A","1999",88,
"NZL","CHILDVACCIN","DTP","PC_CHILD","A","2000",89.6,
"NZL","CHILDVACCIN","DTP","PC_CHILD","A","2001",89.6,
"NZL","CHILDVACCIN","DTP","PC_CHILD","A","2002",90,"E"
"NZL","CHILDVACCIN","DTP","PC_CHILD","A","2003",90,"E"
"NZL","CHILDVACCIN","DTP","PC_CHILD","A","2004",89,"E"
"NZL","CHILDVACCIN","DTP","PC_CHILD","A","2005",89,"E"
"NZL","CHILDVACCIN","DTP","PC_CHILD","A","2006",89,"E"
"NZL","CHILDVACCIN","DTP","PC_CHILD","A","2007",88,"E"
"NZL","CHILDVACCIN","DTP","PC_CHILD","A","2008",89,"E"
"NZL","CHILDVACCIN","DTP","PC_CHILD","A","2009",92,"E"
"NZL","CHILDVACCIN","DTP","PC_CHILD","A","2010",93.4,
"NZL","CHILDVACCIN","DTP","PC_CHILD","A","2011",94.5,
"NZL","CHILDVACCIN","DTP","PC_CHILD","A","2012",93.2,
"NZL","CHILDVACCIN","DTP","PC_CHILD","A","2013",92.5,
"NZL","CHILDVACCIN","DTP","PC_CHILD","A","2014",92.6,
"NZL","CHILDVACCIN","DTP","PC_CHILD","A","2015",92.3,
"NZL","CHILDVACCIN","DTP","PC_CHILD","A","2016",91.9,
"NZL","CHILDVACCIN","DTP","PC_CHILD","A","2017",93.7,
"NZL","CHILDVACCIN","DTP","PC_CHILD","A","2018",92.6,
"NOR","CHILDVACCIN","DTP","PC_CHILD","A","1990",86,
"NOR","CHILDVACCIN","DTP","PC_CHILD","A","1991",96,
"NOR","CHILDVACCIN","DTP","PC_CHILD","A","1992",98,
"NOR","CHILDVACCIN","DTP","PC_CHILD","A","1993",94,
"NOR","CHILDVACCIN","DTP","PC_CHILD","A","1994",93,
"NOR","CHILDVACCIN","DTP","PC_CHILD","A","1995",97,
"NOR","CHILDVACCIN","DTP","PC_CHILD","A","1996",97,
"NOR","CHILDVACCIN","DTP","PC_CHILD","A","1997",95,
"NOR","CHILDVACCIN","DTP","PC_CHILD","A","1998",93,"E"
"NOR","CHILDVACCIN","DTP","PC_CHILD","A","1999",92,"E"
"NOR","CHILDVACCIN","DTP","PC_CHILD","A","2000",90,
"NOR","CHILDVACCIN","DTP","PC_CHILD","A","2001",91,
"NOR","CHILDVACCIN","DTP","PC_CHILD","A","2002",93,
"NOR","CHILDVACCIN","DTP","PC_CHILD","A","2003",92,
"NOR","CHILDVACCIN","DTP","PC_CHILD","A","2004",92,
"NOR","CHILDVACCIN","DTP","PC_CHILD","A","2005",91,
"NOR","CHILDVACCIN","DTP","PC_CHILD","A","2006",94,
"NOR","CHILDVACCIN","DTP","PC_CHILD","A","2007",93,
"NOR","CHILDVACCIN","DTP","PC_CHILD","A","2008",94,
"NOR","CHILDVACCIN","DTP","PC_CHILD","A","2009",94,
"NOR","CHILDVACCIN","DTP","PC_CHILD","A","2010",93,
"NOR","CHILDVACCIN","DTP","PC_CHILD","A","2011",94,
"NOR","CHILDVACCIN","DTP","PC_CHILD","A","2012",95,
"NOR","CHILDVACCIN","DTP","PC_CHILD","A","2013",94,
"NOR","CHILDVACCIN","DTP","PC_CHILD","A","2014",93,
"NOR","CHILDVACCIN","DTP","PC_CHILD","A","2015",95,
"NOR","CHILDVACCIN","DTP","PC_CHILD","A","2016",96,
"NOR","CHILDVACCIN","DTP","PC_CHILD","A","2017",96,
"NOR","CHILDVACCIN","DTP","PC_CHILD","A","2018",96,
"POL","CHILDVACCIN","DTP","PC_CHILD","A","1990",96,
"POL","CHILDVACCIN","DTP","PC_CHILD","A","1991",95,
"POL","CHILDVACCIN","DTP","PC_CHILD","A","1992",95,
"POL","CHILDVACCIN","DTP","PC_CHILD","A","1993",95,
"POL","CHILDVACCIN","DTP","PC_CHILD","A","1994",96,
"POL","CHILDVACCIN","DTP","PC_CHILD","A","1995",96,
"POL","CHILDVACCIN","DTP","PC_CHILD","A","1996",97,
"POL","CHILDVACCIN","DTP","PC_CHILD","A","1997",98,
"POL","CHILDVACCIN","DTP","PC_CHILD","A","1998",98,
"POL","CHILDVACCIN","DTP","PC_CHILD","A","1999",98,
"POL","CHILDVACCIN","DTP","PC_CHILD","A","2000",98.2,
"POL","CHILDVACCIN","DTP","PC_CHILD","A","2001",98.3,
"POL","CHILDVACCIN","DTP","PC_CHILD","A","2002",98.6,
"POL","CHILDVACCIN","DTP","PC_CHILD","A","2003",98.5,
"POL","CHILDVACCIN","DTP","PC_CHILD","A","2004",98.7,
"POL","CHILDVACCIN","DTP","PC_CHILD","A","2005",98.8,
"POL","CHILDVACCIN","DTP","PC_CHILD","A","2006",99,
"POL","CHILDVACCIN","DTP","PC_CHILD","A","2007",99,
"POL","CHILDVACCIN","DTP","PC_CHILD","A","2008",99,
"POL","CHILDVACCIN","DTP","PC_CHILD","A","2009",99,
"POL","CHILDVACCIN","DTP","PC_CHILD","A","2010",99,
"POL","CHILDVACCIN","DTP","PC_CHILD","A","2011",99,
"POL","CHILDVACCIN","DTP","PC_CHILD","A","2012",98.7,
"POL","CHILDVACCIN","DTP","PC_CHILD","A","2013",98.6,
"POL","CHILDVACCIN","DTP","PC_CHILD","A","2014",98,
"POL","CHILDVACCIN","DTP","PC_CHILD","A","2015",98,
"POL","CHILDVACCIN","DTP","PC_CHILD","A","2016",97.6,
"POL","CHILDVACCIN","DTP","PC_CHILD","A","2017",96.4,
"POL","CHILDVACCIN","DTP","PC_CHILD","A","2018",95.2,
"PRT","CHILDVACCIN","DTP","PC_CHILD","A","1990",89,
"PRT","CHILDVACCIN","DTP","PC_CHILD","A","1991",96,
"PRT","CHILDVACCIN","DTP","PC_CHILD","A","1992",94,
"PRT","CHILDVACCIN","DTP","PC_CHILD","A","1993",93,
"PRT","CHILDVACCIN","DTP","PC_CHILD","A","1994",97,
"PRT","CHILDVACCIN","DTP","PC_CHILD","A","1995",93,
"PRT","CHILDVACCIN","DTP","PC_CHILD","A","1996",95,
"PRT","CHILDVACCIN","DTP","PC_CHILD","A","1997",94,
"PRT","CHILDVACCIN","DTP","PC_CHILD","A","1998",97,
"PRT","CHILDVACCIN","DTP","PC_CHILD","A","1999",97,"E"
"PRT","CHILDVACCIN","DTP","PC_CHILD","A","2000",96.1,
"PRT","CHILDVACCIN","DTP","PC_CHILD","A","2001",97,"E"
"PRT","CHILDVACCIN","DTP","PC_CHILD","A","2002",93.8,
"PRT","CHILDVACCIN","DTP","PC_CHILD","A","2003",98.6,
"PRT","CHILDVACCIN","DTP","PC_CHILD","A","2004",95,
"PRT","CHILDVACCIN","DTP","PC_CHILD","A","2005",93.2,
"PRT","CHILDVACCIN","DTP","PC_CHILD","A","2006",94,
"PRT","CHILDVACCIN","DTP","PC_CHILD","A","2007",94,
"PRT","CHILDVACCIN","DTP","PC_CHILD","A","2008",98,
"PRT","CHILDVACCIN","DTP","PC_CHILD","A","2009",98,
"PRT","CHILDVACCIN","DTP","PC_CHILD","A","2010",98,
"PRT","CHILDVACCIN","DTP","PC_CHILD","A","2011",97,
"PRT","CHILDVACCIN","DTP","PC_CHILD","A","2012",98,"E"
"PRT","CHILDVACCIN","DTP","PC_CHILD","A","2013",98,"E"
"PRT","CHILDVACCIN","DTP","PC_CHILD","A","2014",98,"E"
"PRT","CHILDVACCIN","DTP","PC_CHILD","A","2015",98,"E"
"PRT","CHILDVACCIN","DTP","PC_CHILD","A","2016",98,"E"
"PRT","CHILDVACCIN","DTP","PC_CHILD","A","2017",98,"E"
"PRT","CHILDVACCIN","DTP","PC_CHILD","A","2018",99,"E"
"SVK","CHILDVACCIN","DTP","PC_CHILD","A","1990",99,
"SVK","CHILDVACCIN","DTP","PC_CHILD","A","1991",99,
"SVK","CHILDVACCIN","DTP","PC_CHILD","A","1992",99,
"SVK","CHILDVACCIN","DTP","PC_CHILD","A","1993",99,
"SVK","CHILDVACCIN","DTP","PC_CHILD","A","1994",99,
"SVK","CHILDVACCIN","DTP","PC_CHILD","A","1995",99,
"SVK","CHILDVACCIN","DTP","PC_CHILD","A","1996",99,
"SVK","CHILDVACCIN","DTP","PC_CHILD","A","1997",99,
"SVK","CHILDVACCIN","DTP","PC_CHILD","A","1998",99,
"SVK","CHILDVACCIN","DTP","PC_CHILD","A","1999",99,
"SVK","CHILDVACCIN","DTP","PC_CHILD","A","2000",99.2,
"SVK","CHILDVACCIN","DTP","PC_CHILD","A","2001",99.4,
"SVK","CHILDVACCIN","DTP","PC_CHILD","A","2002",99.3,
"SVK","CHILDVACCIN","DTP","PC_CHILD","A","2003",98.6,
"SVK","CHILDVACCIN","DTP","PC_CHILD","A","2004",99.3,
"SVK","CHILDVACCIN","DTP","PC_CHILD","A","2005",99.2,
"SVK","CHILDVACCIN","DTP","PC_CHILD","A","2006",99,
"SVK","CHILDVACCIN","DTP","PC_CHILD","A","2007",99,
"SVK","CHILDVACCIN","DTP","PC_CHILD","A","2008",99,
"SVK","CHILDVACCIN","DTP","PC_CHILD","A","2009",99.2,
"SVK","CHILDVACCIN","DTP","PC_CHILD","A","2010",99.1,
"SVK","CHILDVACCIN","DTP","PC_CHILD","A","2011",99,
"SVK","CHILDVACCIN","DTP","PC_CHILD","A","2012",98.7,
"SVK","CHILDVACCIN","DTP","PC_CHILD","A","2013",97.9,
"SVK","CHILDVACCIN","DTP","PC_CHILD","A","2014",96.8,
"SVK","CHILDVACCIN","DTP","PC_CHILD","A","2015",96,
"SVK","CHILDVACCIN","DTP","PC_CHILD","A","2016",96.4,
"SVK","CHILDVACCIN","DTP","PC_CHILD","A","2017",96.4,
"SVK","CHILDVACCIN","DTP","PC_CHILD","A","2018",96.5,
"ESP","CHILDVACCIN","DTP","PC_CHILD","A","1990",86,
"ESP","CHILDVACCIN","DTP","PC_CHILD","A","1991",86,
"ESP","CHILDVACCIN","DTP","PC_CHILD","A","1992",84,
"ESP","CHILDVACCIN","DTP","PC_CHILD","A","1993",87,
"ESP","CHILDVACCIN","DTP","PC_CHILD","A","1994",88,
"ESP","CHILDVACCIN","DTP","PC_CHILD","A","1995",90,
"ESP","CHILDVACCIN","DTP","PC_CHILD","A","1996",90,
"ESP","CHILDVACCIN","DTP","PC_CHILD","A","1997",94,
"ESP","CHILDVACCIN","DTP","PC_CHILD","A","1998",95,
"ESP","CHILDVACCIN","DTP","PC_CHILD","A","1999",95,
"ESP","CHILDVACCIN","DTP","PC_CHILD","A","2000",95.2,
"ESP","CHILDVACCIN","DTP","PC_CHILD","A","2001",96,
"ESP","CHILDVACCIN","DTP","PC_CHILD","A","2002",98,
"ESP","CHILDVACCIN","DTP","PC_CHILD","A","2003",98,
"ESP","CHILDVACCIN","DTP","PC_CHILD","A","2004",97,
"ESP","CHILDVACCIN","DTP","PC_CHILD","A","2005",96,
"ESP","CHILDVACCIN","DTP","PC_CHILD","A","2006",98,
"ESP","CHILDVACCIN","DTP","PC_CHILD","A","2007",96,
"ESP","CHILDVACCIN","DTP","PC_CHILD","A","2008",97,
"ESP","CHILDVACCIN","DTP","PC_CHILD","A","2009",95.9,
"ESP","CHILDVACCIN","DTP","PC_CHILD","A","2010",96.6,
"ESP","CHILDVACCIN","DTP","PC_CHILD","A","2011",97,
"ESP","CHILDVACCIN","DTP","PC_CHILD","A","2012",96.7,
"ESP","CHILDVACCIN","DTP","PC_CHILD","A","2013",95.6,
"ESP","CHILDVACCIN","DTP","PC_CHILD","A","2014",96.6,
"ESP","CHILDVACCIN","DTP","PC_CHILD","A","2015",96.6,
"ESP","CHILDVACCIN","DTP","PC_CHILD","A","2016",97.1,
"ESP","CHILDVACCIN","DTP","PC_CHILD","A","2017",94.8,
"ESP","CHILDVACCIN","DTP","PC_CHILD","A","2018",93.4,
"SWE","CHILDVACCIN","DTP","PC_CHILD","A","1990",99,
"SWE","CHILDVACCIN","DTP","PC_CHILD","A","1991",99,
"SWE","CHILDVACCIN","DTP","PC_CHILD","A","1992",99,
"SWE","CHILDVACCIN","DTP","PC_CHILD","A","1993",99,
"SWE","CHILDVACCIN","DTP","PC_CHILD","A","1994",99,
"SWE","CHILDVACCIN","DTP","PC_CHILD","A","1995",99,
"SWE","CHILDVACCIN","DTP","PC_CHILD","A","1996",99,
"SWE","CHILDVACCIN","DTP","PC_CHILD","A","1997",99,
"SWE","CHILDVACCIN","DTP","PC_CHILD","A","1998",99,"E"
"SWE","CHILDVACCIN","DTP","PC_CHILD","A","1999",99,
"SWE","CHILDVACCIN","DTP","PC_CHILD","A","2000",99,"E"
"SWE","CHILDVACCIN","DTP","PC_CHILD","A","2001",99,"E"
"SWE","CHILDVACCIN","DTP","PC_CHILD","A","2002",99,"E"
"SWE","CHILDVACCIN","DTP","PC_CHILD","A","2003",99,"E"
"SWE","CHILDVACCIN","DTP","PC_CHILD","A","2004",99,"E"
"SWE","CHILDVACCIN","DTP","PC_CHILD","A","2005",98,"E"
"SWE","CHILDVACCIN","DTP","PC_CHILD","A","2006",98,"E"
"SWE","CHILDVACCIN","DTP","PC_CHILD","A","2007",98,"E"
"SWE","CHILDVACCIN","DTP","PC_CHILD","A","2008",98,"E"
"SWE","CHILDVACCIN","DTP","PC_CHILD","A","2009",98,"E"
"SWE","CHILDVACCIN","DTP","PC_CHILD","A","2010",98,"E"
"SWE","CHILDVACCIN","DTP","PC_CHILD","A","2011",98,"E"
"SWE","CHILDVACCIN","DTP","PC_CHILD","A","2012",98,"E"
"SWE","CHILDVACCIN","DTP","PC_CHILD","A","2013",98,"E"
"SWE","CHILDVACCIN","DTP","PC_CHILD","A","2014",97,"E"
"SWE","CHILDVACCIN","DTP","PC_CHILD","A","2015",98,"E"
"SWE","CHILDVACCIN","DTP","PC_CHILD","A","2016",98,"E"
"SWE","CHILDVACCIN","DTP","PC_CHILD","A","2017",97,"E"
"SWE","CHILDVACCIN","DTP","PC_CHILD","A","2018",97,"E"
"CHE","CHILDVACCIN","DTP","PC_CHILD","A","1990",90,
"CHE","CHILDVACCIN","DTP","PC_CHILD","A","1991",89,
"CHE","CHILDVACCIN","DTP","PC_CHILD","A","1992",89,
"CHE","CHILDVACCIN","DTP","PC_CHILD","A","1993",89,
"CHE","CHILDVACCIN","DTP","PC_CHILD","A","1994",89,
"CHE","CHILDVACCIN","DTP","PC_CHILD","A","1995",89,
"CHE","CHILDVACCIN","DTP","PC_CHILD","A","1996",89,
"CHE","CHILDVACCIN","DTP","PC_CHILD","A","1997",89,
"CHE","CHILDVACCIN","DTP","PC_CHILD","A","1998",88,
"CHE","CHILDVACCIN","DTP","PC_CHILD","A","1999",93,
"CHE","CHILDVACCIN","DTP","PC_CHILD","A","2000",93,"E"
"CHE","CHILDVACCIN","DTP","PC_CHILD","A","2001",93,"E"
"CHE","CHILDVACCIN","DTP","PC_CHILD","A","2002",93,"E"
"CHE","CHILDVACCIN","DTP","PC_CHILD","A","2003",93,"E"
"CHE","CHILDVACCIN","DTP","PC_CHILD","A","2004",93,"E"
"CHE","CHILDVACCIN","DTP","PC_CHILD","A","2005",94,"E"
"CHE","CHILDVACCIN","DTP","PC_CHILD","A","2006",94,"E"
"CHE","CHILDVACCIN","DTP","PC_CHILD","A","2007",94,"E"
"CHE","CHILDVACCIN","DTP","PC_CHILD","A","2008",95,"E"
"CHE","CHILDVACCIN","DTP","PC_CHILD","A","2009",95,"E"
"CHE","CHILDVACCIN","DTP","PC_CHILD","A","2010",95,"E"
"CHE","CHILDVACCIN","DTP","PC_CHILD","A","2011",96,"E"
"CHE","CHILDVACCIN","DTP","PC_CHILD","A","2012",96,"E"
"CHE","CHILDVACCIN","DTP","PC_CHILD","A","2013",96,"E"
"CHE","CHILDVACCIN","DTP","PC_CHILD","A","2014",95,
"CHE","CHILDVACCIN","DTP","PC_CHILD","A","2015",96,
"CHE","CHILDVACCIN","DTP","PC_CHILD","A","2016",95.9,
"CHE","CHILDVACCIN","DTP","PC_CHILD","A","2017",96.5,
"CHE","CHILDVACCIN","DTP","PC_CHILD","A","2018",95.9,
"TUR","CHILDVACCIN","DTP","PC_CHILD","A","1990",74,
"TUR","CHILDVACCIN","DTP","PC_CHILD","A","1991",81,
"TUR","CHILDVACCIN","DTP","PC_CHILD","A","1992",78,
"TUR","CHILDVACCIN","DTP","PC_CHILD","A","1993",76,
"TUR","CHILDVACCIN","DTP","PC_CHILD","A","1994",81,
"TUR","CHILDVACCIN","DTP","PC_CHILD","A","1995",66,
"TUR","CHILDVACCIN","DTP","PC_CHILD","A","1996",84,
"TUR","CHILDVACCIN","DTP","PC_CHILD","A","1997",79,
"TUR","CHILDVACCIN","DTP","PC_CHILD","A","1998",81,
"TUR","CHILDVACCIN","DTP","PC_CHILD","A","1999",79,
"TUR","CHILDVACCIN","DTP","PC_CHILD","A","2000",73.6,
"TUR","CHILDVACCIN","DTP","PC_CHILD","A","2001",83,
"TUR","CHILDVACCIN","DTP","PC_CHILD","A","2002",78,
"TUR","CHILDVACCIN","DTP","PC_CHILD","A","2003",68,
"TUR","CHILDVACCIN","DTP","PC_CHILD","A","2004",85,
"TUR","CHILDVACCIN","DTP","PC_CHILD","A","2005",90,
"TUR","CHILDVACCIN","DTP","PC_CHILD","A","2006",90,
"TUR","CHILDVACCIN","DTP","PC_CHILD","A","2007",96,
"TUR","CHILDVACCIN","DTP","PC_CHILD","A","2008",96,
"TUR","CHILDVACCIN","DTP","PC_CHILD","A","2009",96,
"TUR","CHILDVACCIN","DTP","PC_CHILD","A","2010",97,
"TUR","CHILDVACCIN","DTP","PC_CHILD","A","2011",97,
"TUR","CHILDVACCIN","DTP","PC_CHILD","A","2012",97,
"TUR","CHILDVACCIN","DTP","PC_CHILD","A","2013",98,
"TUR","CHILDVACCIN","DTP","PC_CHILD","A","2014",96,
"TUR","CHILDVACCIN","DTP","PC_CHILD","A","2015",97,
"TUR","CHILDVACCIN","DTP","PC_CHILD","A","2016",98,
"TUR","CHILDVACCIN","DTP","PC_CHILD","A","2017",96,
"TUR","CHILDVACCIN","DTP","PC_CHILD","A","2018",98,
"GBR","CHILDVACCIN","DTP","PC_CHILD","A","1990",85,
"GBR","CHILDVACCIN","DTP","PC_CHILD","A","1991",92,
"GBR","CHILDVACCIN","DTP","PC_CHILD","A","1992",94,
"GBR","CHILDVACCIN","DTP","PC_CHILD","A","1993",94,
"GBR","CHILDVACCIN","DTP","PC_CHILD","A","1994",94,
"GBR","CHILDVACCIN","DTP","PC_CHILD","A","1995",93,
"GBR","CHILDVACCIN","DTP","PC_CHILD","A","1996",96,
"GBR","CHILDVACCIN","DTP","PC_CHILD","A","1997",92,
"GBR","CHILDVACCIN","DTP","PC_CHILD","A","1998",91,
"GBR","CHILDVACCIN","DTP","PC_CHILD","A","1999",92,
"GBR","CHILDVACCIN","DTP","PC_CHILD","A","2000",91,
"GBR","CHILDVACCIN","DTP","PC_CHILD","A","2001",91,
"GBR","CHILDVACCIN","DTP","PC_CHILD","A","2002",91,
"GBR","CHILDVACCIN","DTP","PC_CHILD","A","2003",91,
"GBR","CHILDVACCIN","DTP","PC_CHILD","A","2004",92,
"GBR","CHILDVACCIN","DTP","PC_CHILD","A","2005",91,
"GBR","CHILDVACCIN","DTP","PC_CHILD","A","2006",92,
"GBR","CHILDVACCIN","DTP","PC_CHILD","A","2007",92,
"GBR","CHILDVACCIN","DTP","PC_CHILD","A","2008",92,
"GBR","CHILDVACCIN","DTP","PC_CHILD","A","2009",93,
"GBR","CHILDVACCIN","DTP","PC_CHILD","A","2010",94,
"GBR","CHILDVACCIN","DTP","PC_CHILD","A","2011",95,
"GBR","CHILDVACCIN","DTP","PC_CHILD","A","2012",95,
"GBR","CHILDVACCIN","DTP","PC_CHILD","A","2013",95,
"GBR","CHILDVACCIN","DTP","PC_CHILD","A","2014",95,
"GBR","CHILDVACCIN","DTP","PC_CHILD","A","2015",95,
"GBR","CHILDVACCIN","DTP","PC_CHILD","A","2016",94,
"GBR","CHILDVACCIN","DTP","PC_CHILD","A","2017",94,
"GBR","CHILDVACCIN","DTP","PC_CHILD","A","2018",94,
"USA","CHILDVACCIN","DTP","PC_CHILD","A","1990",90,"E"
"USA","CHILDVACCIN","DTP","PC_CHILD","A","1991",86,"E"
"USA","CHILDVACCIN","DTP","PC_CHILD","A","1992",83,
"USA","CHILDVACCIN","DTP","PC_CHILD","A","1993",88,
"USA","CHILDVACCIN","DTP","PC_CHILD","A","1994",94,
"USA","CHILDVACCIN","DTP","PC_CHILD","A","1995",95,
"USA","CHILDVACCIN","DTP","PC_CHILD","A","1996",95,
"USA","CHILDVACCIN","DTP","PC_CHILD","A","1997",96,
"USA","CHILDVACCIN","DTP","PC_CHILD","A","1998",96,
"USA","CHILDVACCIN","DTP","PC_CHILD","A","1999",96,
"USA","CHILDVACCIN","DTP","PC_CHILD","A","2000",94,"E"
"USA","CHILDVACCIN","DTP","PC_CHILD","A","2001",94,"E"
"USA","CHILDVACCIN","DTP","PC_CHILD","A","2002",94,"E"
"USA","CHILDVACCIN","DTP","PC_CHILD","A","2003",96,"E"
"USA","CHILDVACCIN","DTP","PC_CHILD","A","2004",96,"E"
"USA","CHILDVACCIN","DTP","PC_CHILD","A","2005",96,"E"
"USA","CHILDVACCIN","DTP","PC_CHILD","A","2006",96,"E"
"USA","CHILDVACCIN","DTP","PC_CHILD","A","2007",96,"E"
"USA","CHILDVACCIN","DTP","PC_CHILD","A","2008",96,"E"
"USA","CHILDVACCIN","DTP","PC_CHILD","A","2009",95,"E"
"USA","CHILDVACCIN","DTP","PC_CHILD","A","2010",95,"E"
"USA","CHILDVACCIN","DTP","PC_CHILD","A","2011",96,"E"
"USA","CHILDVACCIN","DTP","PC_CHILD","A","2012",94,"E"
"USA","CHILDVACCIN","DTP","PC_CHILD","A","2013",94,"E"
"USA","CHILDVACCIN","DTP","PC_CHILD","A","2014",95,"E"
"USA","CHILDVACCIN","DTP","PC_CHILD","A","2015",95,"E"
"USA","CHILDVACCIN","DTP","PC_CHILD","A","2016",95,"E"
"USA","CHILDVACCIN","DTP","PC_CHILD","A","2017",95,"E"
"USA","CHILDVACCIN","DTP","PC_CHILD","A","2018",94,"E"
"CHL","CHILDVACCIN","DTP","PC_CHILD","A","1990",95,
"CHL","CHILDVACCIN","DTP","PC_CHILD","A","1991",94,
"CHL","CHILDVACCIN","DTP","PC_CHILD","A","1992",90,
"CHL","CHILDVACCIN","DTP","PC_CHILD","A","1993",90,
"CHL","CHILDVACCIN","DTP","PC_CHILD","A","1994",94,
"CHL","CHILDVACCIN","DTP","PC_CHILD","A","1995",94,
"CHL","CHILDVACCIN","DTP","PC_CHILD","A","1996",91,
"CHL","CHILDVACCIN","DTP","PC_CHILD","A","1997",90,
"CHL","CHILDVACCIN","DTP","PC_CHILD","A","1998",90,
"CHL","CHILDVACCIN","DTP","PC_CHILD","A","1999",95,
"CHL","CHILDVACCIN","DTP","PC_CHILD","A","2000",91,
"CHL","CHILDVACCIN","DTP","PC_CHILD","A","2001",97,
"CHL","CHILDVACCIN","DTP","PC_CHILD","A","2002",97,
"CHL","CHILDVACCIN","DTP","PC_CHILD","A","2003",96,
"CHL","CHILDVACCIN","DTP","PC_CHILD","A","2004",93,
"CHL","CHILDVACCIN","DTP","PC_CHILD","A","2005",91.4,
"CHL","CHILDVACCIN","DTP","PC_CHILD","A","2006",94,
"CHL","CHILDVACCIN","DTP","PC_CHILD","A","2007",96,
"CHL","CHILDVACCIN","DTP","PC_CHILD","A","2008",97,
"CHL","CHILDVACCIN","DTP","PC_CHILD","A","2009",92.3,
"CHL","CHILDVACCIN","DTP","PC_CHILD","A","2010",92.4,
"CHL","CHILDVACCIN","DTP","PC_CHILD","A","2011",93.7,
"CHL","CHILDVACCIN","DTP","PC_CHILD","A","2012",89.9,
"CHL","CHILDVACCIN","DTP","PC_CHILD","A","2013",89.6,
"CHL","CHILDVACCIN","DTP","PC_CHILD","A","2014",94.7,
"CHL","CHILDVACCIN","DTP","PC_CHILD","A","2015",96,
"CHL","CHILDVACCIN","DTP","PC_CHILD","A","2016",94.8,
"CHL","CHILDVACCIN","DTP","PC_CHILD","A","2017",93,
"CHL","CHILDVACCIN","DTP","PC_CHILD","A","2018",95,
"EST","CHILDVACCIN","DTP","PC_CHILD","A","1990",67,
"EST","CHILDVACCIN","DTP","PC_CHILD","A","1991",71,
"EST","CHILDVACCIN","DTP","PC_CHILD","A","1992",70,
"EST","CHILDVACCIN","DTP","PC_CHILD","A","1993",71,
"EST","CHILDVACCIN","DTP","PC_CHILD","A","1994",77,
"EST","CHILDVACCIN","DTP","PC_CHILD","A","1995",82,
"EST","CHILDVACCIN","DTP","PC_CHILD","A","1996",87,
"EST","CHILDVACCIN","DTP","PC_CHILD","A","1997",87,
"EST","CHILDVACCIN","DTP","PC_CHILD","A","1998",88,
"EST","CHILDVACCIN","DTP","PC_CHILD","A","1999",91,
"EST","CHILDVACCIN","DTP","PC_CHILD","A","2000",93,
"EST","CHILDVACCIN","DTP","PC_CHILD","A","2001",94,
"EST","CHILDVACCIN","DTP","PC_CHILD","A","2002",94,
"EST","CHILDVACCIN","DTP","PC_CHILD","A","2003",94,
"EST","CHILDVACCIN","DTP","PC_CHILD","A","2004",94,
"EST","CHILDVACCIN","DTP","PC_CHILD","A","2005",95.9,
"EST","CHILDVACCIN","DTP","PC_CHILD","A","2006",95,
"EST","CHILDVACCIN","DTP","PC_CHILD","A","2007",95,
"EST","CHILDVACCIN","DTP","PC_CHILD","A","2008",95,
"EST","CHILDVACCIN","DTP","PC_CHILD","A","2009",95.3,
"EST","CHILDVACCIN","DTP","PC_CHILD","A","2010",93.7,
"EST","CHILDVACCIN","DTP","PC_CHILD","A","2011",93.4,
"EST","CHILDVACCIN","DTP","PC_CHILD","A","2012",94.2,
"EST","CHILDVACCIN","DTP","PC_CHILD","A","2013",93.6,
"EST","CHILDVACCIN","DTP","PC_CHILD","A","2014",93.3,
"EST","CHILDVACCIN","DTP","PC_CHILD","A","2015",93.2,
"EST","CHILDVACCIN","DTP","PC_CHILD","A","2016",93.2,
"EST","CHILDVACCIN","DTP","PC_CHILD","A","2017",92.8,
"EST","CHILDVACCIN","DTP","PC_CHILD","A","2018",91.9,
"IND","CHILDVACCIN","DTP","PC_CHILD","A","1990",99,
"IND","CHILDVACCIN","DTP","PC_CHILD","A","1991",90,
"IND","CHILDVACCIN","DTP","PC_CHILD","A","1992",90,
"IND","CHILDVACCIN","DTP","PC_CHILD","A","1993",93,
"IND","CHILDVACCIN","DTP","PC_CHILD","A","1994",95,
"IND","CHILDVACCIN","DTP","PC_CHILD","A","1995",91,
"IND","CHILDVACCIN","DTP","PC_CHILD","A","1996",92,
"IND","CHILDVACCIN","DTP","PC_CHILD","A","1997",93,
"IND","CHILDVACCIN","DTP","PC_CHILD","A","1998",90,
"IND","CHILDVACCIN","DTP","PC_CHILD","A","1999",59,
"IND","CHILDVACCIN","DTP","PC_CHILD","A","2000",58,"E"
"IND","CHILDVACCIN","DTP","PC_CHILD","A","2001",59,"E"
"IND","CHILDVACCIN","DTP","PC_CHILD","A","2002",59,"E"
"IND","CHILDVACCIN","DTP","PC_CHILD","A","2003",61,"E"
"IND","CHILDVACCIN","DTP","PC_CHILD","A","2004",63,"E"
"IND","CHILDVACCIN","DTP","PC_CHILD","A","2005",65,"E"
"IND","CHILDVACCIN","DTP","PC_CHILD","A","2006",65,"E"
"IND","CHILDVACCIN","DTP","PC_CHILD","A","2007",64,"E"
"IND","CHILDVACCIN","DTP","PC_CHILD","A","2008",70,"E"
"IND","CHILDVACCIN","DTP","PC_CHILD","A","2009",74,"E"
"IND","CHILDVACCIN","DTP","PC_CHILD","A","2010",79,"E"
"IND","CHILDVACCIN","DTP","PC_CHILD","A","2011",82,"E"
"IND","CHILDVACCIN","DTP","PC_CHILD","A","2012",82,"E"
"IND","CHILDVACCIN","DTP","PC_CHILD","A","2013",83,"E"
"IND","CHILDVACCIN","DTP","PC_CHILD","A","2014",85,"E"
"IND","CHILDVACCIN","DTP","PC_CHILD","A","2015",87,"E"
"IND","CHILDVACCIN","DTP","PC_CHILD","A","2016",88,"E"
"IND","CHILDVACCIN","DTP","PC_CHILD","A","2017",89,"E"
"IND","CHILDVACCIN","DTP","PC_CHILD","A","2018",89,"E"
"ISR","CHILDVACCIN","DTP","PC_CHILD","A","1990",93,
"ISR","CHILDVACCIN","DTP","PC_CHILD","A","1991",94,
"ISR","CHILDVACCIN","DTP","PC_CHILD","A","1992",95,
"ISR","CHILDVACCIN","DTP","PC_CHILD","A","1993",96,
"ISR","CHILDVACCIN","DTP","PC_CHILD","A","1994",95,
"ISR","CHILDVACCIN","DTP","PC_CHILD","A","1995",96,
"ISR","CHILDVACCIN","DTP","PC_CHILD","A","1996",94,
"ISR","CHILDVACCIN","DTP","PC_CHILD","A","1997",95,
"ISR","CHILDVACCIN","DTP","PC_CHILD","A","1998",96,
"ISR","CHILDVACCIN","DTP","PC_CHILD","A","1999",96,
"ISR","CHILDVACCIN","DTP","PC_CHILD","A","2000",96,
"ISR","CHILDVACCIN","DTP","PC_CHILD","A","2001",95,
"ISR","CHILDVACCIN","DTP","PC_CHILD","A","2002",97,
"ISR","CHILDVACCIN","DTP","PC_CHILD","A","2003",95,
"ISR","CHILDVACCIN","DTP","PC_CHILD","A","2004",95,
"ISR","CHILDVACCIN","DTP","PC_CHILD","A","2005",93,
"ISR","CHILDVACCIN","DTP","PC_CHILD","A","2006",95,
"ISR","CHILDVACCIN","DTP","PC_CHILD","A","2007",95,
"ISR","CHILDVACCIN","DTP","PC_CHILD","A","2008",94,
"ISR","CHILDVACCIN","DTP","PC_CHILD","A","2009",96,
"ISR","CHILDVACCIN","DTP","PC_CHILD","A","2010",95,
"ISR","CHILDVACCIN","DTP","PC_CHILD","A","2011",94,
"ISR","CHILDVACCIN","DTP","PC_CHILD","A","2012",94,
"ISR","CHILDVACCIN","DTP","PC_CHILD","A","2013",96,
"ISR","CHILDVACCIN","DTP","PC_CHILD","A","2014",95,
"ISR","CHILDVACCIN","DTP","PC_CHILD","A","2015",95,
"ISR","CHILDVACCIN","DTP","PC_CHILD","A","2016",94,
"ISR","CHILDVACCIN","DTP","PC_CHILD","A","2017",98,
"ISR","CHILDVACCIN","DTP","PC_CHILD","A","2018",97.6,
"SVN","CHILDVACCIN","DTP","PC_CHILD","A","1991",98,
"SVN","CHILDVACCIN","DTP","PC_CHILD","A","1992",98,
"SVN","CHILDVACCIN","DTP","PC_CHILD","A","1993",98,
"SVN","CHILDVACCIN","DTP","PC_CHILD","A","1994",98,
"SVN","CHILDVACCIN","DTP","PC_CHILD","A","1995",98,
"SVN","CHILDVACCIN","DTP","PC_CHILD","A","1996",98,
"SVN","CHILDVACCIN","DTP","PC_CHILD","A","1997",94,
"SVN","CHILDVACCIN","DTP","PC_CHILD","A","1998",91,
"SVN","CHILDVACCIN","DTP","PC_CHILD","A","1999",92,
"SVN","CHILDVACCIN","DTP","PC_CHILD","A","2000",91,
"SVN","CHILDVACCIN","DTP","PC_CHILD","A","2001",92.3,
"SVN","CHILDVACCIN","DTP","PC_CHILD","A","2002",93,"E"
"SVN","CHILDVACCIN","DTP","PC_CHILD","A","2003",95,"E"
"SVN","CHILDVACCIN","DTP","PC_CHILD","A","2004",94,"E"
"SVN","CHILDVACCIN","DTP","PC_CHILD","A","2005",95,"E"
"SVN","CHILDVACCIN","DTP","PC_CHILD","A","2006",97,"E"
"SVN","CHILDVACCIN","DTP","PC_CHILD","A","2007",97,"E"
"SVN","CHILDVACCIN","DTP","PC_CHILD","A","2008",97,"E"
"SVN","CHILDVACCIN","DTP","PC_CHILD","A","2009",96,"E"
"SVN","CHILDVACCIN","DTP","PC_CHILD","A","2010",96,"E"
"SVN","CHILDVACCIN","DTP","PC_CHILD","A","2011",96,"E"
"SVN","CHILDVACCIN","DTP","PC_CHILD","A","2012",96,"E"
"SVN","CHILDVACCIN","DTP","PC_CHILD","A","2013",95,"E"
"SVN","CHILDVACCIN","DTP","PC_CHILD","A","2014",95,"E"
"SVN","CHILDVACCIN","DTP","PC_CHILD","A","2015",95,"E"
"SVN","CHILDVACCIN","DTP","PC_CHILD","A","2016",94.1,
"SVN","CHILDVACCIN","DTP","PC_CHILD","A","2017",94,"E"
"SVN","CHILDVACCIN","DTP","PC_CHILD","A","2018",93,"E"
"COL","CHILDVACCIN","DTP","PC_CHILD","A","1990",88,
"COL","CHILDVACCIN","DTP","PC_CHILD","A","1991",84,
"COL","CHILDVACCIN","DTP","PC_CHILD","A","1992",78,
"COL","CHILDVACCIN","DTP","PC_CHILD","A","1993",83,
"COL","CHILDVACCIN","DTP","PC_CHILD","A","1994",88,
"COL","CHILDVACCIN","DTP","PC_CHILD","A","1995",94,
"COL","CHILDVACCIN","DTP","PC_CHILD","A","1996",92,
"COL","CHILDVACCIN","DTP","PC_CHILD","A","1997",84,
"COL","CHILDVACCIN","DTP","PC_CHILD","A","1998",73,
"COL","CHILDVACCIN","DTP","PC_CHILD","A","1999",74,
"COL","CHILDVACCIN","DTP","PC_CHILD","A","2000",79,
"COL","CHILDVACCIN","DTP","PC_CHILD","A","2001",80,
"COL","CHILDVACCIN","DTP","PC_CHILD","A","2002",81,
"COL","CHILDVACCIN","DTP","PC_CHILD","A","2003",92,
"COL","CHILDVACCIN","DTP","PC_CHILD","A","2004",89,
"COL","CHILDVACCIN","DTP","PC_CHILD","A","2005",93,
"COL","CHILDVACCIN","DTP","PC_CHILD","A","2006",93,
"COL","CHILDVACCIN","DTP","PC_CHILD","A","2007",93,
"COL","CHILDVACCIN","DTP","PC_CHILD","A","2008",92,
"COL","CHILDVACCIN","DTP","PC_CHILD","A","2009",92.2,
"COL","CHILDVACCIN","DTP","PC_CHILD","A","2010",88,
"COL","CHILDVACCIN","DTP","PC_CHILD","A","2011",85.3,
"COL","CHILDVACCIN","DTP","PC_CHILD","A","2012",91,
"COL","CHILDVACCIN","DTP","PC_CHILD","A","2013",90.8,
"COL","CHILDVACCIN","DTP","PC_CHILD","A","2014",90.3,
"COL","CHILDVACCIN","DTP","PC_CHILD","A","2015",91.4,
"COL","CHILDVACCIN","DTP","PC_CHILD","A","2016",91.3,
"COL","CHILDVACCIN","DTP","PC_CHILD","A","2017",92,
"COL","CHILDVACCIN","DTP","PC_CHILD","A","2018",92,
"LVA","CHILDVACCIN","DTP","PC_CHILD","A","1990",90,
"LVA","CHILDVACCIN","DTP","PC_CHILD","A","1991",89,
"LVA","CHILDVACCIN","DTP","PC_CHILD","A","1992",87,
"LVA","CHILDVACCIN","DTP","PC_CHILD","A","1993",80,
"LVA","CHILDVACCIN","DTP","PC_CHILD","A","1994",97,
"LVA","CHILDVACCIN","DTP","PC_CHILD","A","1995",98,
"LVA","CHILDVACCIN","DTP","PC_CHILD","A","1996",93,
"LVA","CHILDVACCIN","DTP","PC_CHILD","A","1997",92,
"LVA","CHILDVACCIN","DTP","PC_CHILD","A","1998",94,
"LVA","CHILDVACCIN","DTP","PC_CHILD","A","1999",95,
"LVA","CHILDVACCIN","DTP","PC_CHILD","A","2000",98,
"LVA","CHILDVACCIN","DTP","PC_CHILD","A","2001",101,
"LVA","CHILDVACCIN","DTP","PC_CHILD","A","2002",101,
"LVA","CHILDVACCIN","DTP","PC_CHILD","A","2003",98,
"LVA","CHILDVACCIN","DTP","PC_CHILD","A","2004",101,
"LVA","CHILDVACCIN","DTP","PC_CHILD","A","2005",100,
"LVA","CHILDVACCIN","DTP","PC_CHILD","A","2006",96,
"LVA","CHILDVACCIN","DTP","PC_CHILD","A","2007",94,
"LVA","CHILDVACCIN","DTP","PC_CHILD","A","2008",94,
"LVA","CHILDVACCIN","DTP","PC_CHILD","A","2009",94,
"LVA","CHILDVACCIN","DTP","PC_CHILD","A","2010",92,
"LVA","CHILDVACCIN","DTP","PC_CHILD","A","2011",92,
"LVA","CHILDVACCIN","DTP","PC_CHILD","A","2012",91,
"LVA","CHILDVACCIN","DTP","PC_CHILD","A","2013",94,
"LVA","CHILDVACCIN","DTP","PC_CHILD","A","2014",92,
"LVA","CHILDVACCIN","DTP","PC_CHILD","A","2015",94.9,
"LVA","CHILDVACCIN","DTP","PC_CHILD","A","2016",98.1,
"LVA","CHILDVACCIN","DTP","PC_CHILD","A","2017",98.1,
"LVA","CHILDVACCIN","DTP","PC_CHILD","A","2018",96,
"LTU","CHILDVACCIN","DTP","PC_CHILD","A","1990",76,
"LTU","CHILDVACCIN","DTP","PC_CHILD","A","1991",75,
"LTU","CHILDVACCIN","DTP","PC_CHILD","A","1992",86,
"LTU","CHILDVACCIN","DTP","PC_CHILD","A","1993",87,
"LTU","CHILDVACCIN","DTP","PC_CHILD","A","1994",87,
"LTU","CHILDVACCIN","DTP","PC_CHILD","A","1995",97,
"LTU","CHILDVACCIN","DTP","PC_CHILD","A","1996",92,
"LTU","CHILDVACCIN","DTP","PC_CHILD","A","1997",90,
"LTU","CHILDVACCIN","DTP","PC_CHILD","A","1998",93,
"LTU","CHILDVACCIN","DTP","PC_CHILD","A","1999",93,
"LTU","CHILDVACCIN","DTP","PC_CHILD","A","2000",93.5,
"LTU","CHILDVACCIN","DTP","PC_CHILD","A","2001",94.6,
"LTU","CHILDVACCIN","DTP","PC_CHILD","A","2002",94.8,
"LTU","CHILDVACCIN","DTP","PC_CHILD","A","2003",94.2,
"LTU","CHILDVACCIN","DTP","PC_CHILD","A","2004",93.9,
"LTU","CHILDVACCIN","DTP","PC_CHILD","A","2005",94,
"LTU","CHILDVACCIN","DTP","PC_CHILD","A","2006",94,
"LTU","CHILDVACCIN","DTP","PC_CHILD","A","2007",95,
"LTU","CHILDVACCIN","DTP","PC_CHILD","A","2008",96,
"LTU","CHILDVACCIN","DTP","PC_CHILD","A","2009",97.4,
"LTU","CHILDVACCIN","DTP","PC_CHILD","A","2010",94.8,
"LTU","CHILDVACCIN","DTP","PC_CHILD","A","2011",92.4,
"LTU","CHILDVACCIN","DTP","PC_CHILD","A","2012",92.8,
"LTU","CHILDVACCIN","DTP","PC_CHILD","A","2013",93.2,
"LTU","CHILDVACCIN","DTP","PC_CHILD","A","2014",92.9,
"LTU","CHILDVACCIN","DTP","PC_CHILD","A","2015",93.5,
"LTU","CHILDVACCIN","DTP","PC_CHILD","A","2016",94.1,
"LTU","CHILDVACCIN","DTP","PC_CHILD","A","2017",93.7,
"LTU","CHILDVACCIN","DTP","PC_CHILD","A","2018",92.3,
